id;thematique_numero;thematique;critere_numero;critere;audit_rapide_25;audit_complementaire_50;audit_complet_106;source_rgaa;source_ara_audit_types
1.1;1;Images;1;Chaque image porteuse d’information a-t-elle une alternative textuelle ?;oui;oui;oui;https://accessibilite.numerique.gouv.fr/methode/criteres-et-tests/;https://github.com/DISIC/Ara/blob/main/confiture-web-app/src/criteria.ts
1.2;1;Images;2;Chaque image de décoration est-elle correctement ignorée par les technologies d’assistance ?;non;non;oui;https://accessibilite.numerique.gouv.fr/methode/criteres-et-tests/;https://github.com/DISIC/Ara/blob/main/confiture-web-app/src/criteria.ts
1.3;1;Images;3;Pour chaque image porteuse d’information ayant une alternative textuelle, cette alternative est-elle pertinente (hors cas particuliers) ?;non;oui;oui;https://accessibilite.numerique.gouv.fr/methode/criteres-et-tests/;https://github.com/DISIC/Ara/blob/main/confiture-web-app/src/criteria.ts
1.4;1;Images;4;Pour chaque image utilisée comme CAPTCHA ou comme image-test, ayant une alternative textuelle, cette alternative permet-elle d’identifier la nature et la fonction de l’image ?;non;non;oui;https://accessibilite.numerique.gouv.fr/methode/criteres-et-tests/;https://github.com/DISIC/Ara/blob/main/confiture-web-app/src/criteria.ts
1.5;1;Images;5;Pour chaque image utilisée comme CAPTCHA, une solution d’accès alternatif au contenu ou à la fonction du CAPTCHA est-elle présente ?;non;oui;oui;https://accessibilite.numerique.gouv.fr/methode/criteres-et-tests/;https://github.com/DISIC/Ara/blob/main/confiture-web-app/src/criteria.ts
1.6;1;Images;6;Chaque image porteuse d’information a-t-elle, si nécessaire, une description détaillée ?;non;oui;oui;https://accessibilite.numerique.gouv.fr/methode/criteres-et-tests/;https://github.com/DISIC/Ara/blob/main/confiture-web-app/src/criteria.ts
1.7;1;Images;7;Pour chaque image porteuse d’information ayant une description détaillée, cette description est-elle pertinente ?;non;oui;oui;https://accessibilite.numerique.gouv.fr/methode/criteres-et-tests/;https://github.com/DISIC/Ara/blob/main/confiture-web-app/src/criteria.ts
1.8;1;Images;8;Chaque image texte porteuse d’information, en l’absence d’un mécanisme de remplacement, doit si possible être remplacée par du texte stylé. Cette règle est-elle respectée (hors cas particuliers) ?;non;non;oui;https://accessibilite.numerique.gouv.fr/methode/criteres-et-tests/;https://github.com/DISIC/Ara/blob/main/confiture-web-app/src/criteria.ts
1.9;1;Images;9;Chaque légende d’image est-elle, si nécessaire, correctement reliée à l’image correspondante ?;non;non;oui;https://accessibilite.numerique.gouv.fr/methode/criteres-et-tests/;https://github.com/DISIC/Ara/blob/main/confiture-web-app/src/criteria.ts
2.1;2;Cadres;1;Chaque cadre a-t-il un titre de cadre ?;non;non;oui;https://accessibilite.numerique.gouv.fr/methode/criteres-et-tests/;https://github.com/DISIC/Ara/blob/main/confiture-web-app/src/criteria.ts
2.2;2;Cadres;2;Pour chaque cadre ayant un titre de cadre, ce titre de cadre est-il pertinent ?;non;non;oui;https://accessibilite.numerique.gouv.fr/methode/criteres-et-tests/;https://github.com/DISIC/Ara/blob/main/confiture-web-app/src/criteria.ts
3.1;3;Couleurs;1;Dans chaque page web, l’information ne doit pas être donnée uniquement par la couleur. Cette règle est-elle respectée ?;oui;oui;oui;https://accessibilite.numerique.gouv.fr/methode/criteres-et-tests/;https://github.com/DISIC/Ara/blob/main/confiture-web-app/src/criteria.ts
3.2;3;Couleurs;2;Dans chaque page web, le contraste entre la couleur du texte et la couleur de son arrière-plan est-il suffisamment élevé (hors cas particuliers) ?;non;non;oui;https://accessibilite.numerique.gouv.fr/methode/criteres-et-tests/;https://github.com/DISIC/Ara/blob/main/confiture-web-app/src/criteria.ts
3.3;3;Couleurs;3;Dans chaque page web, les couleurs utilisées dans les composants d’interface ou les éléments graphiques porteurs d’informations sont-elles suffisamment contrastées (hors cas particuliers) ?;non;non;oui;https://accessibilite.numerique.gouv.fr/methode/criteres-et-tests/;https://github.com/DISIC/Ara/blob/main/confiture-web-app/src/criteria.ts
4.1;4;Multimédia;1;Chaque média temporel pré-enregistré a-t-il, si nécessaire, une transcription textuelle ou une audiodescription (hors cas particuliers) ?;oui;oui;oui;https://accessibilite.numerique.gouv.fr/methode/criteres-et-tests/;https://github.com/DISIC/Ara/blob/main/confiture-web-app/src/criteria.ts
4.2;4;Multimédia;2;Pour chaque média temporel pré-enregistré ayant une transcription textuelle ou une audiodescription synchronisée, celles-ci sont-elles pertinentes (hors cas particuliers) ?;non;oui;oui;https://accessibilite.numerique.gouv.fr/methode/criteres-et-tests/;https://github.com/DISIC/Ara/blob/main/confiture-web-app/src/criteria.ts
4.3;4;Multimédia;3;Chaque média temporel synchronisé pré-enregistré a-t-il, si nécessaire, des sous-titres synchronisés (hors cas particuliers) ?;non;non;oui;https://accessibilite.numerique.gouv.fr/methode/criteres-et-tests/;https://github.com/DISIC/Ara/blob/main/confiture-web-app/src/criteria.ts
4.4;4;Multimédia;4;Pour chaque média temporel synchronisé pré-enregistré ayant des sous-titres synchronisés, ces sous-titres sont-ils pertinents ?;non;oui;oui;https://accessibilite.numerique.gouv.fr/methode/criteres-et-tests/;https://github.com/DISIC/Ara/blob/main/confiture-web-app/src/criteria.ts
4.5;4;Multimédia;5;Chaque média temporel pré-enregistré a-t-il, si nécessaire, une audiodescription synchronisée (hors cas particuliers) ?;non;non;oui;https://accessibilite.numerique.gouv.fr/methode/criteres-et-tests/;https://github.com/DISIC/Ara/blob/main/confiture-web-app/src/criteria.ts
4.6;4;Multimédia;6;Pour chaque média temporel pré-enregistré ayant une audiodescription synchronisée, celle-ci est-elle pertinente ?;non;non;oui;https://accessibilite.numerique.gouv.fr/methode/criteres-et-tests/;https://github.com/DISIC/Ara/blob/main/confiture-web-app/src/criteria.ts
4.7;4;Multimédia;7;Chaque média temporel est-il clairement identifiable (hors cas particuliers) ?;non;non;oui;https://accessibilite.numerique.gouv.fr/methode/criteres-et-tests/;https://github.com/DISIC/Ara/blob/main/confiture-web-app/src/criteria.ts
4.8;4;Multimédia;8;Chaque média non temporel a-t-il, si nécessaire, une alternative (hors cas particuliers) ?;non;oui;oui;https://accessibilite.numerique.gouv.fr/methode/criteres-et-tests/;https://github.com/DISIC/Ara/blob/main/confiture-web-app/src/criteria.ts
4.9;4;Multimédia;9;Pour chaque média non temporel ayant une alternative, cette alternative est-elle pertinente ?;non;oui;oui;https://accessibilite.numerique.gouv.fr/methode/criteres-et-tests/;https://github.com/DISIC/Ara/blob/main/confiture-web-app/src/criteria.ts
4.10;4;Multimédia;10;Chaque son déclenché automatiquement est-il contrôlable par l’utilisateur ?;oui;oui;oui;https://accessibilite.numerique.gouv.fr/methode/criteres-et-tests/;https://github.com/DISIC/Ara/blob/main/confiture-web-app/src/criteria.ts
4.11;4;Multimédia;11;La consultation de chaque média temporel est-elle, si nécessaire, contrôlable par le clavier et tout dispositif de pointage ?;non;non;oui;https://accessibilite.numerique.gouv.fr/methode/criteres-et-tests/;https://github.com/DISIC/Ara/blob/main/confiture-web-app/src/criteria.ts
4.12;4;Multimédia;12;La consultation de chaque média non temporel est-elle contrôlable par le clavier et tout dispositif de pointage ?;non;non;oui;https://accessibilite.numerique.gouv.fr/methode/criteres-et-tests/;https://github.com/DISIC/Ara/blob/main/confiture-web-app/src/criteria.ts
4.13;4;Multimédia;13;Chaque média temporel et non temporel est-il compatible avec les technologies d’assistance (hors cas particuliers) ?;non;non;oui;https://accessibilite.numerique.gouv.fr/methode/criteres-et-tests/;https://github.com/DISIC/Ara/blob/main/confiture-web-app/src/criteria.ts
5.1;5;Tableaux;1;Chaque tableau de données complexe a-t-il un résumé ?;non;non;oui;https://accessibilite.numerique.gouv.fr/methode/criteres-et-tests/;https://github.com/DISIC/Ara/blob/main/confiture-web-app/src/criteria.ts
5.2;5;Tableaux;2;Pour chaque tableau de données complexe ayant un résumé, celui-ci est-il pertinent ?;non;non;oui;https://accessibilite.numerique.gouv.fr/methode/criteres-et-tests/;https://github.com/DISIC/Ara/blob/main/confiture-web-app/src/criteria.ts
5.3;5;Tableaux;3;Pour chaque tableau de mise en forme, le contenu linéarisé reste-t-il compréhensible ?;oui;oui;oui;https://accessibilite.numerique.gouv.fr/methode/criteres-et-tests/;https://github.com/DISIC/Ara/blob/main/confiture-web-app/src/criteria.ts
5.4;5;Tableaux;4;Pour chaque tableau de données ayant un titre, le titre est-il correctement associé au tableau de données ?;non;oui;oui;https://accessibilite.numerique.gouv.fr/methode/criteres-et-tests/;https://github.com/DISIC/Ara/blob/main/confiture-web-app/src/criteria.ts
5.5;5;Tableaux;5;Pour chaque tableau de données ayant un titre, celui-ci est-il pertinent ?;non;non;oui;https://accessibilite.numerique.gouv.fr/methode/criteres-et-tests/;https://github.com/DISIC/Ara/blob/main/confiture-web-app/src/criteria.ts
5.6;5;Tableaux;6;Pour chaque tableau de données, chaque en-tête de colonne et chaque en-tête de ligne sont-ils correctement déclarés ?;non;oui;oui;https://accessibilite.numerique.gouv.fr/methode/criteres-et-tests/;https://github.com/DISIC/Ara/blob/main/confiture-web-app/src/criteria.ts
5.7;5;Tableaux;7;Pour chaque tableau de données, la technique appropriée permettant d’associer chaque cellule avec ses en-têtes est-elle utilisée ?;oui;oui;oui;https://accessibilite.numerique.gouv.fr/methode/criteres-et-tests/;https://github.com/DISIC/Ara/blob/main/confiture-web-app/src/criteria.ts
5.8;5;Tableaux;8;Chaque tableau de mise en forme ne doit pas utiliser d’éléments propres aux tableaux de données. Cette règle est-elle respectée ?;non;non;oui;https://accessibilite.numerique.gouv.fr/methode/criteres-et-tests/;https://github.com/DISIC/Ara/blob/main/confiture-web-app/src/criteria.ts
6.1;6;Liens;1;Chaque lien est-il explicite (hors cas particuliers) ?;oui;oui;oui;https://accessibilite.numerique.gouv.fr/methode/criteres-et-tests/;https://github.com/DISIC/Ara/blob/main/confiture-web-app/src/criteria.ts
6.2;6;Liens;2;Dans chaque page web, chaque lien, à l’exception des ancres, a-t-il un intitulé ?;oui;oui;oui;https://accessibilite.numerique.gouv.fr/methode/criteres-et-tests/;https://github.com/DISIC/Ara/blob/main/confiture-web-app/src/criteria.ts
7.1;7;Scripts;1;Chaque script est-il, si nécessaire, compatible avec les technologies d’assistance ?;oui;oui;oui;https://accessibilite.numerique.gouv.fr/methode/criteres-et-tests/;https://github.com/DISIC/Ara/blob/main/confiture-web-app/src/criteria.ts
7.2;7;Scripts;2;Pour chaque script ayant une alternative, cette alternative est-elle pertinente ?;non;oui;oui;https://accessibilite.numerique.gouv.fr/methode/criteres-et-tests/;https://github.com/DISIC/Ara/blob/main/confiture-web-app/src/criteria.ts
7.3;7;Scripts;3;Chaque script est-il contrôlable par le clavier et par tout dispositif de pointage (hors cas particuliers) ?;oui;oui;oui;https://accessibilite.numerique.gouv.fr/methode/criteres-et-tests/;https://github.com/DISIC/Ara/blob/main/confiture-web-app/src/criteria.ts
7.4;7;Scripts;4;Pour chaque script qui initie un changement de contexte, l’utilisateur est-il averti ou en a-t-il le contrôle ?;non;non;oui;https://accessibilite.numerique.gouv.fr/methode/criteres-et-tests/;https://github.com/DISIC/Ara/blob/main/confiture-web-app/src/criteria.ts
7.5;7;Scripts;5;Dans chaque page web, les messages de statut sont-ils correctement restitués par les technologies d’assistance ?;non;non;oui;https://accessibilite.numerique.gouv.fr/methode/criteres-et-tests/;https://github.com/DISIC/Ara/blob/main/confiture-web-app/src/criteria.ts
8.1;8;Éléments obligatoires;1;Chaque page web est-elle définie par un type de document ?;non;non;oui;https://accessibilite.numerique.gouv.fr/methode/criteres-et-tests/;https://github.com/DISIC/Ara/blob/main/confiture-web-app/src/criteria.ts
8.2;8;Éléments obligatoires;2;Pour chaque page web, le code source généré est-il valide selon le type de document spécifié ?;non;oui;oui;https://accessibilite.numerique.gouv.fr/methode/criteres-et-tests/;https://github.com/DISIC/Ara/blob/main/confiture-web-app/src/criteria.ts
8.3;8;Éléments obligatoires;3;Dans chaque page web, la langue par défaut est-elle présente ?;oui;oui;oui;https://accessibilite.numerique.gouv.fr/methode/criteres-et-tests/;https://github.com/DISIC/Ara/blob/main/confiture-web-app/src/criteria.ts
8.4;8;Éléments obligatoires;4;Pour chaque page web ayant une langue par défaut, le code de langue est-il pertinent ?;oui;oui;oui;https://accessibilite.numerique.gouv.fr/methode/criteres-et-tests/;https://github.com/DISIC/Ara/blob/main/confiture-web-app/src/criteria.ts
8.5;8;Éléments obligatoires;5;Chaque page web a-t-elle un titre de page ?;oui;oui;oui;https://accessibilite.numerique.gouv.fr/methode/criteres-et-tests/;https://github.com/DISIC/Ara/blob/main/confiture-web-app/src/criteria.ts
8.6;8;Éléments obligatoires;6;Pour chaque page web ayant un titre de page, ce titre est-il pertinent ?;non;oui;oui;https://accessibilite.numerique.gouv.fr/methode/criteres-et-tests/;https://github.com/DISIC/Ara/blob/main/confiture-web-app/src/criteria.ts
8.7;8;Éléments obligatoires;7;Dans chaque page web, chaque changement de langue est-il indiqué dans le code source (hors cas particuliers) ?;non;non;oui;https://accessibilite.numerique.gouv.fr/methode/criteres-et-tests/;https://github.com/DISIC/Ara/blob/main/confiture-web-app/src/criteria.ts
8.8;8;Éléments obligatoires;8;Dans chaque page web, chaque changement de langue est-il pertinent ?;non;non;oui;https://accessibilite.numerique.gouv.fr/methode/criteres-et-tests/;https://github.com/DISIC/Ara/blob/main/confiture-web-app/src/criteria.ts
8.9;8;Éléments obligatoires;9;Dans chaque page web, les balises ne doivent pas être utilisées uniquement à des fins de présentation. Cette règle est-elle respectée ?;non;non;oui;https://accessibilite.numerique.gouv.fr/methode/criteres-et-tests/;https://github.com/DISIC/Ara/blob/main/confiture-web-app/src/criteria.ts
8.10;8;Éléments obligatoires;10;Dans chaque page web, les changements du sens de lecture sont-ils signalés ?;non;oui;oui;https://accessibilite.numerique.gouv.fr/methode/criteres-et-tests/;https://github.com/DISIC/Ara/blob/main/confiture-web-app/src/criteria.ts
9.1;9;Structuration de l’information;1;Dans chaque page web, l’information est-elle structurée par l’utilisation appropriée de titres ?;oui;oui;oui;https://accessibilite.numerique.gouv.fr/methode/criteres-et-tests/;https://github.com/DISIC/Ara/blob/main/confiture-web-app/src/criteria.ts
9.2;9;Structuration de l’information;2;Dans chaque page web, la structure du document est-elle cohérente (hors cas particuliers) ?;non;non;oui;https://accessibilite.numerique.gouv.fr/methode/criteres-et-tests/;https://github.com/DISIC/Ara/blob/main/confiture-web-app/src/criteria.ts
9.3;9;Structuration de l’information;3;Dans chaque page web, chaque liste est-elle correctement structurée ?;non;non;oui;https://accessibilite.numerique.gouv.fr/methode/criteres-et-tests/;https://github.com/DISIC/Ara/blob/main/confiture-web-app/src/criteria.ts
9.4;9;Structuration de l’information;4;Dans chaque page web, chaque citation est-elle correctement indiquée ?;non;non;oui;https://accessibilite.numerique.gouv.fr/methode/criteres-et-tests/;https://github.com/DISIC/Ara/blob/main/confiture-web-app/src/criteria.ts
10.1;10;Présentation de l’information;1;Dans le site web, des feuilles de styles sont-elles utilisées pour contrôler la présentation de l’information ?;non;non;oui;https://accessibilite.numerique.gouv.fr/methode/criteres-et-tests/;https://github.com/DISIC/Ara/blob/main/confiture-web-app/src/criteria.ts
10.2;10;Présentation de l’information;2;Dans chaque page web, le contenu visible porteur d’information reste-t-il présent lorsque les feuilles de styles sont désactivées ?;non;oui;oui;https://accessibilite.numerique.gouv.fr/methode/criteres-et-tests/;https://github.com/DISIC/Ara/blob/main/confiture-web-app/src/criteria.ts
10.3;10;Présentation de l’information;3;Dans chaque page web, l’information reste-t-elle compréhensible lorsque les feuilles de styles sont désactivées ?;oui;oui;oui;https://accessibilite.numerique.gouv.fr/methode/criteres-et-tests/;https://github.com/DISIC/Ara/blob/main/confiture-web-app/src/criteria.ts
10.4;10;Présentation de l’information;4;Dans chaque page web, le texte reste-t-il lisible lorsque la taille des caractères est augmentée jusqu’à 200 %, au moins (hors cas particuliers) ?;non;non;oui;https://accessibilite.numerique.gouv.fr/methode/criteres-et-tests/;https://github.com/DISIC/Ara/blob/main/confiture-web-app/src/criteria.ts
10.5;10;Présentation de l’information;5;Dans chaque page web, les déclarations CSS de couleurs de fond d’élément et de police sont-elles correctement utilisées ?;non;non;oui;https://accessibilite.numerique.gouv.fr/methode/criteres-et-tests/;https://github.com/DISIC/Ara/blob/main/confiture-web-app/src/criteria.ts
10.6;10;Présentation de l’information;6;Dans chaque page web, chaque lien dont la nature n’est pas évidente est-il visible par rapport au texte environnant ?;oui;oui;oui;https://accessibilite.numerique.gouv.fr/methode/criteres-et-tests/;https://github.com/DISIC/Ara/blob/main/confiture-web-app/src/criteria.ts
10.7;10;Présentation de l’information;7;Dans chaque page web, pour chaque élément recevant le focus, la prise de focus est-elle visible ?;oui;oui;oui;https://accessibilite.numerique.gouv.fr/methode/criteres-et-tests/;https://github.com/DISIC/Ara/blob/main/confiture-web-app/src/criteria.ts
10.8;10;Présentation de l’information;8;Pour chaque page web, les contenus cachés ont-ils vocation à être ignorés par les technologies d’assistance ?;non;oui;oui;https://accessibilite.numerique.gouv.fr/methode/criteres-et-tests/;https://github.com/DISIC/Ara/blob/main/confiture-web-app/src/criteria.ts
10.9;10;Présentation de l’information;9;Dans chaque page web, l’information ne doit pas être donnée uniquement par la forme, taille ou position. Cette règle est-elle respectée ?;non;oui;oui;https://accessibilite.numerique.gouv.fr/methode/criteres-et-tests/;https://github.com/DISIC/Ara/blob/main/confiture-web-app/src/criteria.ts
10.10;10;Présentation de l’information;10;Dans chaque page web, l’information ne doit pas être donnée par la forme, taille ou position uniquement. Cette règle est-elle implémentée de façon pertinente ?;non;oui;oui;https://accessibilite.numerique.gouv.fr/methode/criteres-et-tests/;https://github.com/DISIC/Ara/blob/main/confiture-web-app/src/criteria.ts
10.11;10;Présentation de l’information;11;Pour chaque page web, les contenus peuvent-ils être présentés sans perte d’information ou de fonctionnalité et sans avoir recours soit à un défilement vertical pour une fenêtre ayant une hauteur de 256 px, soit à un défilement horizontal pour une fenêtre ayant une largeur de 320 px (hors cas particuliers) ?;non;non;oui;https://accessibilite.numerique.gouv.fr/methode/criteres-et-tests/;https://github.com/DISIC/Ara/blob/main/confiture-web-app/src/criteria.ts
10.12;10;Présentation de l’information;12;Dans chaque page web, les propriétés d’espacement du texte peuvent-elles être redéfinies par l’utilisateur sans perte de contenu ou de fonctionnalité (hors cas particuliers) ?;non;non;oui;https://accessibilite.numerique.gouv.fr/methode/criteres-et-tests/;https://github.com/DISIC/Ara/blob/main/confiture-web-app/src/criteria.ts
10.13;10;Présentation de l’information;13;Dans chaque page web, les contenus additionnels apparaissant à la prise de focus ou au survol d’un composant d’interface sont-ils contrôlables par l’utilisateur (hors cas particuliers) ?;non;non;oui;https://accessibilite.numerique.gouv.fr/methode/criteres-et-tests/;https://github.com/DISIC/Ara/blob/main/confiture-web-app/src/criteria.ts
10.14;10;Présentation de l’information;14;Dans chaque page web, les contenus additionnels apparaissant via les styles CSS uniquement peuvent-ils être rendus visibles au clavier et par tout dispositif de pointage ?;non;non;oui;https://accessibilite.numerique.gouv.fr/methode/criteres-et-tests/;https://github.com/DISIC/Ara/blob/main/confiture-web-app/src/criteria.ts
11.1;11;Formulaires;1;Chaque champ de formulaire a-t-il une étiquette ?;oui;oui;oui;https://accessibilite.numerique.gouv.fr/methode/criteres-et-tests/;https://github.com/DISIC/Ara/blob/main/confiture-web-app/src/criteria.ts
11.2;11;Formulaires;2;Chaque étiquette associée à un champ de formulaire est-elle pertinente (hors cas particuliers) ?;oui;oui;oui;https://accessibilite.numerique.gouv.fr/methode/criteres-et-tests/;https://github.com/DISIC/Ara/blob/main/confiture-web-app/src/criteria.ts
11.3;11;Formulaires;3;Dans chaque formulaire, chaque étiquette associée à un champ de formulaire ayant la même fonction et répétée plusieurs fois dans une même page ou dans un ensemble de pages est-elle cohérente ?;non;non;oui;https://accessibilite.numerique.gouv.fr/methode/criteres-et-tests/;https://github.com/DISIC/Ara/blob/main/confiture-web-app/src/criteria.ts
11.4;11;Formulaires;4;Dans chaque formulaire, chaque étiquette de champ et son champ associé sont-ils accolés ?;non;non;oui;https://accessibilite.numerique.gouv.fr/methode/criteres-et-tests/;https://github.com/DISIC/Ara/blob/main/confiture-web-app/src/criteria.ts
11.5;11;Formulaires;5;Dans chaque formulaire, les champs de même nature sont-ils regroupés, si nécessaire ?;oui;oui;oui;https://accessibilite.numerique.gouv.fr/methode/criteres-et-tests/;https://github.com/DISIC/Ara/blob/main/confiture-web-app/src/criteria.ts
11.6;11;Formulaires;6;Dans chaque formulaire, chaque regroupement de champs de même nature a-t-il une légende ?;oui;oui;oui;https://accessibilite.numerique.gouv.fr/methode/criteres-et-tests/;https://github.com/DISIC/Ara/blob/main/confiture-web-app/src/criteria.ts
11.7;11;Formulaires;7;Dans chaque formulaire, chaque légende associée à un regroupement de champs de même nature est-elle pertinente ?;non;non;oui;https://accessibilite.numerique.gouv.fr/methode/criteres-et-tests/;https://github.com/DISIC/Ara/blob/main/confiture-web-app/src/criteria.ts
11.8;11;Formulaires;8;Dans chaque formulaire, les items de même nature d’une liste de choix sont-ils regroupés de manière pertinente ?;non;non;oui;https://accessibilite.numerique.gouv.fr/methode/criteres-et-tests/;https://github.com/DISIC/Ara/blob/main/confiture-web-app/src/criteria.ts
11.9;11;Formulaires;9;Dans chaque formulaire, l’intitulé de chaque bouton est-il pertinent (hors cas particuliers) ?;oui;oui;oui;https://accessibilite.numerique.gouv.fr/methode/criteres-et-tests/;https://github.com/DISIC/Ara/blob/main/confiture-web-app/src/criteria.ts
11.10;11;Formulaires;10;Dans chaque formulaire, le contrôle de saisie est-il utilisé de manière pertinente (hors cas particuliers) ?;oui;oui;oui;https://accessibilite.numerique.gouv.fr/methode/criteres-et-tests/;https://github.com/DISIC/Ara/blob/main/confiture-web-app/src/criteria.ts
11.11;11;Formulaires;11;Dans chaque formulaire, le contrôle de saisie est-il accompagné, si nécessaire, de suggestions facilitant la correction des erreurs de saisie ?;non;non;oui;https://accessibilite.numerique.gouv.fr/methode/criteres-et-tests/;https://github.com/DISIC/Ara/blob/main/confiture-web-app/src/criteria.ts
11.12;11;Formulaires;12;Pour chaque formulaire qui modifie ou supprime des données, ou qui transmet des réponses à un test ou à un examen, ou dont la validation a des conséquences financières ou juridiques, les données saisies peuvent-elles être modifiées, mises à jour ou récupérées par l’utilisateur ?;non;non;oui;https://accessibilite.numerique.gouv.fr/methode/criteres-et-tests/;https://github.com/DISIC/Ara/blob/main/confiture-web-app/src/criteria.ts
11.13;11;Formulaires;13;La finalité d’un champ de saisie peut-elle être déduite pour faciliter le remplissage automatique des champs avec les données de l’utilisateur ?;non;non;oui;https://accessibilite.numerique.gouv.fr/methode/criteres-et-tests/;https://github.com/DISIC/Ara/blob/main/confiture-web-app/src/criteria.ts
12.1;12;Navigation;1;Chaque ensemble de pages dispose-t-il de deux systèmes de navigation différents, au moins (hors cas particuliers) ?;non;non;oui;https://accessibilite.numerique.gouv.fr/methode/criteres-et-tests/;https://github.com/DISIC/Ara/blob/main/confiture-web-app/src/criteria.ts
12.2;12;Navigation;2;Dans chaque ensemble de pages, le menu et les barres de navigation sont-ils toujours à la même place (hors cas particuliers) ?;non;non;oui;https://accessibilite.numerique.gouv.fr/methode/criteres-et-tests/;https://github.com/DISIC/Ara/blob/main/confiture-web-app/src/criteria.ts
12.3;12;Navigation;3;La page plan du site est-elle pertinente ?;non;non;oui;https://accessibilite.numerique.gouv.fr/methode/criteres-et-tests/;https://github.com/DISIC/Ara/blob/main/confiture-web-app/src/criteria.ts
12.4;12;Navigation;4;Dans chaque ensemble de pages, la page plan du site est-elle atteignable de manière identique ?;non;non;oui;https://accessibilite.numerique.gouv.fr/methode/criteres-et-tests/;https://github.com/DISIC/Ara/blob/main/confiture-web-app/src/criteria.ts
12.5;12;Navigation;5;Dans chaque ensemble de pages, le moteur de recherche est-il atteignable de manière identique ?;non;non;oui;https://accessibilite.numerique.gouv.fr/methode/criteres-et-tests/;https://github.com/DISIC/Ara/blob/main/confiture-web-app/src/criteria.ts
12.6;12;Navigation;6;Les zones de regroupement de contenus présentes dans plusieurs pages web sont-elles atteignables ou évitables ?;non;non;oui;https://accessibilite.numerique.gouv.fr/methode/criteres-et-tests/;https://github.com/DISIC/Ara/blob/main/confiture-web-app/src/criteria.ts
12.7;12;Navigation;7;Dans chaque page web, un lien d’évitement ou d’accès rapide à la zone de contenu principal est-il présent (hors cas particuliers) ?;non;non;oui;https://accessibilite.numerique.gouv.fr/methode/criteres-et-tests/;https://github.com/DISIC/Ara/blob/main/confiture-web-app/src/criteria.ts
12.8;12;Navigation;8;Dans chaque page web, l’ordre de tabulation est-il cohérent ?;oui;oui;oui;https://accessibilite.numerique.gouv.fr/methode/criteres-et-tests/;https://github.com/DISIC/Ara/blob/main/confiture-web-app/src/criteria.ts
12.9;12;Navigation;9;Dans chaque page web, la navigation ne doit pas contenir de piège au clavier. Cette règle est-elle respectée ?;oui;oui;oui;https://accessibilite.numerique.gouv.fr/methode/criteres-et-tests/;https://github.com/DISIC/Ara/blob/main/confiture-web-app/src/criteria.ts
12.10;12;Navigation;10;Dans chaque page web, les raccourcis clavier n’utilisant qu’une seule touche sont-ils contrôlables par l’utilisateur ?;non;non;oui;https://accessibilite.numerique.gouv.fr/methode/criteres-et-tests/;https://github.com/DISIC/Ara/blob/main/confiture-web-app/src/criteria.ts
12.11;12;Navigation;11;Dans chaque page web, les contenus additionnels apparaissant au survol, à la prise de focus ou à l’activation d’un composant d’interface sont-ils contrôlables par le clavier et par tout dispositif de pointage ?;non;non;oui;https://accessibilite.numerique.gouv.fr/methode/criteres-et-tests/;https://github.com/DISIC/Ara/blob/main/confiture-web-app/src/criteria.ts
13.1;13;Consultation;1;Pour chaque page web, l’utilisateur a-t-il le contrôle de chaque limite de temps modifiant le contenu (hors cas particuliers) ?;non;oui;oui;https://accessibilite.numerique.gouv.fr/methode/criteres-et-tests/;https://github.com/DISIC/Ara/blob/main/confiture-web-app/src/criteria.ts
13.2;13;Consultation;2;Dans chaque page web, pour chaque ouverture de nouvelle fenêtre, l’utilisateur est-il averti ?;non;non;oui;https://accessibilite.numerique.gouv.fr/methode/criteres-et-tests/;https://github.com/DISIC/Ara/blob/main/confiture-web-app/src/criteria.ts
13.3;13;Consultation;3;Dans chaque page web, chaque document bureautique en téléchargement possède-t-il, si nécessaire, une version accessible (hors cas particuliers) ?;non;oui;oui;https://accessibilite.numerique.gouv.fr/methode/criteres-et-tests/;https://github.com/DISIC/Ara/blob/main/confiture-web-app/src/criteria.ts
13.4;13;Consultation;4;Pour chaque document bureautique ayant une version accessible, cette version offre-t-elle la même information ?;non;oui;oui;https://accessibilite.numerique.gouv.fr/methode/criteres-et-tests/;https://github.com/DISIC/Ara/blob/main/confiture-web-app/src/criteria.ts
13.5;13;Consultation;5;Dans chaque page web, chaque contenu cryptique a-t-il une alternative ?;non;oui;oui;https://accessibilite.numerique.gouv.fr/methode/criteres-et-tests/;https://github.com/DISIC/Ara/blob/main/confiture-web-app/src/criteria.ts
13.6;13;Consultation;6;Dans chaque page web, pour chaque contenu cryptique ayant une alternative, cette alternative est-elle pertinente ?;non;oui;oui;https://accessibilite.numerique.gouv.fr/methode/criteres-et-tests/;https://github.com/DISIC/Ara/blob/main/confiture-web-app/src/criteria.ts
13.7;13;Consultation;7;Dans chaque page web, les changements brusques de luminosité ou les effets de flash sont-ils correctement utilisés ?;non;oui;oui;https://accessibilite.numerique.gouv.fr/methode/criteres-et-tests/;https://github.com/DISIC/Ara/blob/main/confiture-web-app/src/criteria.ts
13.8;13;Consultation;8;Dans chaque page web, chaque contenu en mouvement ou clignotant est-il contrôlable par l’utilisateur ?;non;oui;oui;https://accessibilite.numerique.gouv.fr/methode/criteres-et-tests/;https://github.com/DISIC/Ara/blob/main/confiture-web-app/src/criteria.ts
13.9;13;Consultation;9;Dans chaque page web, le contenu proposé est-il consultable quelle que soit l’orientation de l’écran (portrait ou paysage) (hors cas particuliers) ?;non;non;oui;https://accessibilite.numerique.gouv.fr/methode/criteres-et-tests/;https://github.com/DISIC/Ara/blob/main/confiture-web-app/src/criteria.ts
13.10;13;Consultation;10;Dans chaque page web, les fonctionnalités utilisables ou disponibles au moyen d’un geste complexe peuvent-elles être également disponibles au moyen d’un geste simple (hors cas particuliers) ?;non;non;oui;https://accessibilite.numerique.gouv.fr/methode/criteres-et-tests/;https://github.com/DISIC/Ara/blob/main/confiture-web-app/src/criteria.ts
13.11;13;Consultation;11;Dans chaque page web, les actions déclenchées au moyen d’un dispositif de pointage sur un point unique de l’écran peuvent-elles faire l’objet d’une annulation (hors cas particuliers) ?;non;non;oui;https://accessibilite.numerique.gouv.fr/methode/criteres-et-tests/;https://github.com/DISIC/Ara/blob/main/confiture-web-app/src/criteria.ts
13.12;13;Consultation;12;Dans chaque page web, les fonctionnalités qui impliquent un mouvement de l’appareil ou vers l’appareil peuvent-elles être satisfaites de manière alternative (hors cas particuliers) ?;non;non;oui;https://accessibilite.numerique.gouv.fr/methode/criteres-et-tests/;https://github.com/DISIC/Ara/blob/main/confiture-web-app/src/criteria.ts
